0,1,2,3,4,5,6,7,8,9,10,11,12,13,14,15,16,17,18,19,20,21,22,23,clusters
1264.6257267240608,756.5814841844997,2070.556640625,0.253692626953125,-328.43764928265784,76.02721356982894,-82.08820884316896,39.776452984829746,-61.57493333344176,-9.365966544337233,-12.44263333349381,13.613756338316747,-9.720882450113336,-8.99381339109939,3.446736721029934,-22.836283753128534,-2.2361526759524764,-4.945699074596971,5.9284200616516785,-9.547513773493051,-5.4262834624505745,-8.230767489685292,-5.931463333455621,-3.348206617402308,0
995.1711653146724,669.809696902689,1687.744140625,0.18011474609375,-172.00043006982096,112.34415265384075,-79.99209554526607,52.364654266642574,-67.11399691452473,-39.1138370702412,-33.71994671038881,-7.674117796353235,-12.348742902722796,-16.13118385701449,9.518377610549972,-22.43000328920983,-6.661646912047285,-6.243900495178734,-23.154308270567093,-4.969271731813591,-5.300646807082679,-9.116051353596028,-2.815993759552268,-20.25277510133229,2
1282.1694661520114,742.7070487859066,2000.9765625,0.29974365234375,-175.99517374786535,82.69678569485211,-54.00485720210333,89.45404289671578,-94.78985568471448,-40.02341959721052,-17.105311831514836,-17.471834263647494,-25.66044074414519,-5.56380863753423,9.853961112632387,-26.302724229015194,-8.473008668074884,0.5486242651785886,-5.7013856348107765,-11.635202626914202,-11.014980664326584,-19.423011490220965,-3.3802053391795424,-14.982234224362381,0
1249.595277436341,599.6639729294052,1868.1640625,0.310791015625,-269.5050136164581,71.58635511129384,-91.75375955387423,57.197604346901215,-55.739765497001706,-35.526340477702284,11.495937116373458,-9.753480413326642,-9.715215310676822,-7.139834789120012,-4.732278839141674,-9.008364986849458,-18.141630644692412,-7.498338054531587,-0.6786946560022206,-6.437195852082146,-2.4501661194823514,-9.354572327594171,-0.5194319574561008,-4.141510360914629,0
968.8021370454038,654.5773628797898,1706.0546875,0.17498779296875,-117.26290340193685,150.02877189362044,-96.7061382377971,50.21553468568629,-75.59886162893687,-30.33841235736135,-25.575877617742442,-8.583106722477375,-2.939664102304815,-23.531812461878694,15.884709682503992,-27.45384671548365,0.6405001330705935,-11.41162130158547,-15.349790955442476,5.416623306510688,-26.813200167031756,11.282411113451824,-6.271803834499957,-11.78218010379515,2
1000.8546993641526,724.350162655666,1828.369140625,0.14666748046875,-128.9715479830199,129.68093222054864,-50.27252182624554,89.35298343497954,-75.7295165092382,-41.73504237787026,-25.436445836708458,-11.105806131775223,-10.24962123856908,-24.918545188374306,19.767948282733208,-22.09194301906681,-9.31387293458756,-0.1163282761108898,-24.522616575597638,0.825501057835961,-5.138637133972421,-7.944433458041317,-2.3978190047381163,-12.86237228135991,2
883.0230467149363,538.5196710472355,1511.71875,0.15869140625,-329.4958775180963,125.46830397232065,-43.58764475236783,40.092336191549705,-27.712888985026737,-49.273802015961905,-28.786580555392447,-3.6775503258368394,-5.7366138118139745,-23.747089528228706,-2.032395389183863,-8.077552417171574,-8.289960981604688,-0.5167731855477062,-12.550452737391645,-9.545915732729352,-7.395372135005713,-1.7782327368547448,2.077277813065625,-10.816799420156805,1
912.283974496317,683.2327362877752,1770.263671875,0.14459228515625,-181.4592988158724,129.42268057494246,-66.64516978353727,73.41219364158025,-64.53461584414885,-15.65963039271473,-28.51878272696395,-10.408034272205533,-7.878382267122355,-22.310549144715004,13.345297415720312,-21.381978727640494,-1.2222475835756483,-7.330375024265371,-21.331862661130337,2.542386957977457,-8.459088420995922,-14.399835867572417,0.1278046310215828,-4.07015025271952,2
750.5057758899111,465.0630666747853,1301.7578125,0.133636474609375,-198.76429021690132,194.8148505738891,-94.7346146844794,-1.0247347323951885,-8.713619592693238,-42.69880396857989,-33.90286068216938,8.585417324829868,-15.22489794938837,-20.48017532093694,6.456459563429247,-21.060281817860073,-10.852098555613164,-8.068607234544654,-16.13620417983077,-10.48564753688236,-8.798464281189627,-9.164367195572261,-15.79014914497124,-9.790555809684838,1
878.3010075374301,548.4792901260872,1507.8125,0.14691162109375,-163.21591357130728,179.31505649562524,-113.02710361610254,11.502617291809976,-41.8991600476562,-26.079782798792127,-41.893317180398064,0.24860391925501624,5.721249378071411,-44.83752162242263,7.817005256527072,-24.34602209574167,-20.90379042881395,2.245598473246123,-20.664921966223233,-5.846868743863595,-7.331320103754874,-3.792896969415793,-3.106408282964572,3.99112603088828,2
887.2664101166997,652.2412262681272,1732.177734375,0.1484375,-205.93718827089697,152.99986541122803,-70.2117209341377,33.63276820351277,-50.52072713513108,-25.01420625508487,-41.848515076068914,3.647252943558739,-12.35287659726781,-35.7515179212632,-1.0247870231185274,-24.49621449079773,-0.36641042864710816,-13.618168788602315,-14.70749527411331,-7.935385176899442,-18.16476623644411,-7.862754907038461,-14.075796592861579,-13.10265809611931,2
738.7131703405241,480.5211638074184,1285.888671875,0.135498046875,-277.9862988362555,177.96708265646745,-49.6107532400392,-10.992909397071905,-28.240095248526618,-27.7715831371021,-38.86409678649392,-10.486316474799965,-33.16208196737962,-21.943608913611012,8.289459109110135,-17.41499363996543,1.378113750332425,-11.857772857302386,-20.276186389780495,-5.626448665134944,-19.597098265899014,-9.320663638419447,-2.7266570708376205,-14.82225179330807,1
1121.6427054526102,653.2142820357278,1855.224609375,0.217864990234375,-261.5836188537175,67.9592658273186,-71.65698050046858,45.7814523848976,-34.24708620242468,-10.466939147699964,-30.99391308691463,7.379138846468248,-36.13271969885504,-11.33141548980872,-3.4382560691385304,-18.290927997176244,3.8642343123157143,-26.005417762028156,6.5318873167846325,-13.007406170645432,-10.290005521246398,-14.075643286774463,-9.746459858908633,-4.757820722893679,0
881.7262359952086,654.0859623934082,1671.142578125,0.1470947265625,-198.19462522036895,133.7404273803703,-67.76516659532332,25.05440957203048,-60.80024065184542,-29.449245295771895,-48.420447844431386,24.991419017866754,-28.02512325294663,-33.38949904116576,24.59405267007924,-41.91043388603251,-2.3012101180725786,-11.3981737983467,-22.500806906448254,-2.551050083332183,-19.700503562683057,-13.260344232429409,-1.9556550047670305,-4.408673323548999,2
814.4437317952809,624.0524987904184,1595.21484375,0.125396728515625,-173.37341310271515,144.5708212007795,-67.77126674031645,20.84243836489005,-36.44059703558948,-20.43949115600956,-47.648267792488,-1.4037844234692758,-18.386913046108724,-21.389724612761633,2.5305445947007774,-37.44690358317454,0.6037127963445779,-8.4867252618289,-17.84149667687855,-2.4247543400226395,-15.902055395906846,-6.598725078315895,-10.345454232220066,-21.524227927954243,2
914.6600674740636,647.5533242891929,1654.296875,0.1922607421875,-213.00602853446867,131.4818031146807,-49.43801221022957,38.24643614160411,-57.66914972114067,-16.204898940100872,-28.90232590460547,1.717649929700638,-33.4146417576622,-26.919746451650546,8.219123931152048,-23.366897154130218,-4.730346713267976,-7.62484506584388,-14.697580337864329,-11.104196249303278,-7.716414534213211,-17.7520361237153,-1.9273616204166961,-9.412966554711595,2
814.9881449659998,605.00108746056,1510.498046875,0.1669921875,-182.05690406887504,151.86413027803292,-61.6296468548722,14.366689159750345,-34.31913132367232,3.9873591781365194,-31.721887708656464,5.179855157930513,-13.534295033608556,-36.47824425771114,6.877931182927082,-16.401431890231986,-6.274064319708113,6.259257957222989,-8.787780667026968,-17.067001518560744,4.137633777839392,-8.896613837079615,-16.254333992741582,-5.48106938655719,0
864.7131299855943,752.1269400618027,1848.6328125,0.141632080078125,-193.27704783920151,140.14385703642978,-24.216036472921203,30.15229440125348,-48.959339791383385,-19.51473251924469,-61.63892234753034,27.18723711275892,-46.48068790810268,-35.52560705794046,21.406188785697047,-33.10493018137639,-4.435718201322836,-13.03169763819864,-4.390197901182168,-13.046683454065374,-2.924445684340382,-20.75361828315342,-13.590803626899937,-1.7080402766094909,0
753.3871185821637,534.3208932771144,1373.291015625,0.121185302734375,-196.24886354853595,189.97298591161604,-81.10721284644603,21.591153219922532,-22.030279837805875,-36.62153763599528,-39.926615727373594,8.129663487220608,-9.27288406213846,-35.42582401854873,21.133664925629205,-18.69167364311687,-18.93048204886466,7.201034410024175,-19.629268172521698,-6.21371413461014,-4.901499917245242,-15.173123741750633,-2.555953758491737,-10.444275576630991,2
896.8267230761952,612.3460131010999,1643.798828125,0.13336181640625,-183.56637861953854,157.20783125488714,-96.01512662331953,41.15559866192284,-42.37734084066274,-30.561530326404885,-41.69202214230438,5.833136535806499,-17.627999553997874,-28.30347367504427,15.754822388401369,-27.30462435752979,-3.7470221085164948,-10.943114711785451,-10.908450792337787,-7.519807977987623,-13.239209108119928,-5.0448261064925894,-15.136608358390138,-7.859031906130826,2
805.4810985444085,588.9918439031047,1576.416015625,0.14398193359375,-191.39107403968242,169.0589682638435,-75.68498698324485,54.31352172225084,-35.77058717913709,-57.291825515387686,-8.127322689166853,-10.164698516655381,-27.017875049847742,-9.892323827926377,5.293575941276664,-12.43540907750401,-9.805181672286775,-7.897578896660997,-8.257079878319665,-14.150873020046994,-7.506096723725422,-2.367746247236711,-9.330417294506224,-4.337105668871643,1
964.4415102584911,510.7156234363845,1562.5,0.213134765625,-228.7742034326178,161.25534411847866,-120.64193098825297,26.6985309108268,-8.669421521710545,-53.31387576771532,20.326811995883602,2.539808651335878,-43.093875125536954,7.376006490615085,-13.260672869117466,-24.16139108835504,0.8535150562985776,-17.330319924810563,4.321398043455744,-13.762846355613629,-14.739363231994957,3.424981319732793,-9.09871341206378,0.8760602150679135,1
794.7722567161104,528.5167243610863,1395.263671875,0.166229248046875,-175.36015982172287,180.17272033828635,-98.37148895106284,17.924325812719957,-7.709162357131824,-63.498752559840696,-40.041285813169154,16.907671666086063,-36.09173485510608,-26.66547920602164,-0.6644943958159195,-27.27531610141732,-2.97441370829631,-10.468818055962352,-15.116994428782164,-9.709165618050763,-12.741374999128038,-14.40959112610836,-7.505071633846274,-14.721568651874964,1
1037.9800384365185,579.2349488614743,1639.892578125,0.2200927734375,-268.0268306747721,98.78132954552046,-63.09121879062799,34.21999730935539,-30.137535350962928,-51.14269454564627,-2.8174197503233858,14.660891176525134,-46.974450542408476,-9.47245928608747,-1.5275367795120391,-30.00495064188281,3.5713426258542342,-18.268023477982922,-6.831494874319942,-7.557891716651986,-17.062323593180594,-4.837782979497392,-6.266018006017929,-8.655778936845639,1
747.9321055353687,642.5581903060337,1468.75,0.162261962890625,-222.08638293110096,153.3878486804267,-41.819954617396334,31.396092978205424,-24.743525298308736,-11.869511411751406,-48.24504461854077,5.441108891178259,-43.66261406929601,-14.04089404103125,29.08718190950784,-43.895742303286326,0.09042905449023153,-12.214605829088608,-12.070227110309483,4.82253309005938,-24.49255747141879,-15.59404306334135,-7.317011193280742,-9.444567294496157,2
836.3827300829541,682.4897156423959,1703.857421875,0.1165771484375,-196.56554600088293,125.09509257520115,-52.52658312349588,55.57234187911516,-62.39455687269533,-27.317470102984146,-38.40871586195472,1.8395153851391033,-29.337321150331118,-22.556857443278986,7.680308497044464,-34.709053900453156,10.946646370160408,-16.309026277302138,-17.56282243040807,-3.831951328189449,-22.287145040667063,-9.568716114315457,-12.480220627201806,-17.544722087270113,2
742.3080279756514,565.808633124868,1378.173828125,0.137481689453125,-220.1275270038139,177.5885301891576,-71.15970325943164,16.857279393516126,-9.538716426679494,-59.73654404575342,-41.6139745817384,26.426599132364156,-53.920154973766955,-18.61892177097341,14.161280916037803,-32.56040775045523,4.380986014353395,-14.956724761111102,-10.74598714480032,-6.297231503594032,-15.381957291183491,-15.234739507535888,-8.196522553208032,-13.45339178419789,1
689.9806556843156,427.2483885641416,1196.2890625,0.12188720703125,-217.9492199231446,204.60759007160925,-98.8204502867286,-27.176815483083434,-1.8466115371161291,-38.73618668972243,-49.90547136724381,-3.384491863782764,-17.733962386487946,-25.254818516349218,0.7690392070432965,-23.542938784921333,-10.098120513661062,-13.972300515061512,-15.06463007337869,-5.807826700561114,-22.309685630261427,-12.259178257366429,-10.662182547521395,-12.51947106781126,1
893.0652819765727,599.8277160078096,1547.36328125,0.180572509765625,-255.0089829334784,142.2274323867556,-64.15638619585063,26.66210968037551,-20.657681793538593,-41.50911474279431,-26.40919303042584,14.43670235852797,-21.62937698434761,-29.735478096283497,6.507180581642058,-20.685623973795387,-8.189542315331373,-10.149497588069748,-14.13220428174122,-3.747002788915696,-15.059446848704793,-11.765892998256664,0.2314693487632915,-3.22180790058336,2
869.0838220224468,629.7601740670744,1596.435546875,0.14874267578125,-339.7363790333269,150.9054845138822,-60.35069734136333,18.62910147257977,8.105944614458979,-51.035281158073005,-12.303642561921135,0.9181585020147063,-17.030247053662052,-10.818273930025331,-4.584705874491112,-5.891883483391145,-8.531636230675375,-9.295044008951162,-8.13364905584037,-7.937381183178709,-6.546718875995936,-7.752574094966604,-7.253063572252575,-4.992767459750985,1
1104.0705959525194,715.9966661329629,1883.056640625,0.215087890625,-340.0166663137271,105.36740392154434,-76.14568060180835,19.814740855096233,-20.94419797812828,-23.23383631509616,-11.939306347228017,6.417102638966262,-21.585873758735293,-9.783493932054935,-6.991799403367982,-13.491377390588646,4.850864427301508,-13.11547531508439,-0.5713552436012175,-5.142536462413757,-8.63298705789104,-3.3738596502013576,-4.0329160396875725,-8.0212923214674,0
747.9377957248101,580.0975513335171,1569.580078125,0.1202392578125,-215.63990441225724,174.2307912623999,-61.87665136034729,39.61186480154623,-45.517249891959494,-53.8825807202331,-16.3309724914909,-3.3945502053397014,-24.006482237334684,-22.825217154917496,-8.099107786161966,-30.649730049380096,9.584294779983729,-13.789183601479177,-25.318547719419804,-0.14820845760139445,-25.940851429711117,3.2234394622883147,-11.087289056941913,-24.746877987351827,2
724.5322836364052,643.2791124432174,1487.060546875,0.150665283203125,-230.56481132808096,147.02574758534914,-28.170730442815913,49.19806559728636,-64.67648085952624,-28.541015339376145,-26.70809731368722,-7.631584170462689,-31.228834737060588,-4.2315824911563755,1.8407726671453704,-41.9103768242953,9.415712812035345,-17.846343805057366,-20.564782846360885,4.633489581196456,-16.527255852792827,-7.840674006298753,2.797835964698584,-14.116237566969382,2
1060.4990520716485,685.8997759835546,1894.53125,0.20330810546875,-255.96103757444638,93.80505824769763,-53.20355279504567,28.437247996637943,-56.71421161658299,-12.768917206545792,-25.43539944822133,12.934703306252281,-49.20624529597505,-2.854707197542938,9.680310418872747,-37.41484140041581,10.206351039353004,-24.706949446866815,-8.419975819094295,-6.771450353110859,-6.297319989949477,-9.059495832778696,0.9454725926288836,-5.401137292392551,0
824.8082366919373,583.5425733260536,1447.998046875,0.155548095703125,-169.77421976757938,168.58408060750256,-80.53476572065702,19.593117305421703,-25.306893092175144,-44.087740307992526,-40.59874673828743,30.000793311205367,-47.68661629625717,-12.708927899632588,12.62369519180917,-43.99083502782402,19.313683402317377,-21.599204532569427,-23.640223761139243,6.796389546210731,-17.597283482779645,-9.740814398494791,-1.8277354138037127,-16.29936408861793,2
810.361677421805,488.0495842833384,1369.873046875,0.162689208984375,-193.89269665685111,191.6804944715599,-101.24460705298655,1.3711633805815393,-1.4867238309384296,-55.591680218783665,-16.292854973920896,5.654517074492877,-19.208528836881364,-2.245640938454862,-3.9102286059657327,-8.307962687454584,0.13554780192540683,-20.03925222879996,-7.4028024128694305,4.215150962829628,-11.659440991714405,-4.884012124065281,-2.140269745220922,-11.925711733882839,1
854.119868274991,472.6667313683116,1347.65625,0.176239013671875,-319.4110572252375,128.53670102972444,-65.60326186021688,15.08588164358551,-9.971168560847511,-54.89488296381293,-12.487531464680679,-4.190905898850202,-43.24758118954371,0.6072961332222293,6.777054923137528,-14.922566165836386,-10.418384514886627,-14.120015999800216,-9.768722455855041,-9.378205519809377,-4.817401117871054,-9.1727491855276,4.052512493773169,-8.74306881821347,1
713.2080018513219,560.7433595071743,1441.89453125,0.108856201171875,-211.64536801803698,170.46820655627204,-68.20777799588289,56.29518663026969,-40.477442672746875,-54.589712617021135,-15.548872653114426,-1.0595314684867132,-57.68095671439342,-24.121910962315525,4.142843074149156,-32.37686479161575,8.33051899507747,-21.40323851544988,-10.901330008469946,0.23319950809736012,-27.09373060740132,-3.103393353413845,-16.5055274796252,-16.457612812649216,2
868.2849662860607,615.8305932293707,1628.173828125,0.189697265625,-292.3646105490973,143.43016909652283,-50.71606542880479,38.13564604538588,-35.82803534440332,-56.68095395523825,-33.31861305959228,-2.0220086823669394,-25.658840636720154,-12.742414605866793,1.8780860954249947,-22.93023509178648,-5.208720666351938,-11.813832928339018,-13.606138610990403,-13.088507998753514,-8.729943068124692,-8.701105913256022,-11.027892461705653,-8.413396287002907,1
810.4976381563554,441.25626781355345,1270.5078125,0.16546630859375,-299.7575786487406,140.7942960912358,-66.50408554196986,17.628052903045752,-19.22263426613283,-53.473906137979526,-27.254476758955633,4.511818233188203,-33.21188821017933,-12.391756004590487,5.117890314171467,-24.512351673077895,-13.695714021729106,-6.161817766400796,-9.463433326925216,-15.50620394339601,-8.288211298253193,-15.333464484731234,-6.407534215356798,-1.8953913537369962,1
703.5198257755612,493.8945744036473,1235.83984375,0.112213134765625,-221.37778783192564,188.0137237019283,-72.6841046839655,6.462940898006452,-11.46916969696785,-32.3574783075668,-33.54405447257568,7.03381588061645,-23.50879694510577,-12.874270891293843,4.613517464077049,-19.313783920545504,-3.7105785634980393,-15.089132882657896,-9.296246508749576,-4.79358105117411,-20.33148023986464,-12.361775564754147,-3.542236886707438,-16.722011309516546,1
702.8596145894908,560.0113410312878,1497.55859375,0.099853515625,-232.71437817946335,175.71387421911675,-56.22443774116098,59.57714399231447,-32.274521154244106,-82.1376025545552,-22.149005932836623,7.1555873346550705,-33.39687106105149,-20.093408893549288,15.320774566827184,-18.74932295995849,-10.28844033702066,-5.913152243476255,-20.125465951266808,-0.9568399173771024,-8.00349454024752,-22.140940144513433,-7.040365712098728,-16.20630939314284,2
871.1627667091982,571.1989405222112,1429.931640625,0.2100830078125,-244.7145892487879,155.01031265487396,-84.05675051448924,43.92611950513019,-14.790787097305449,-52.1573833250002,-16.72604016301118,0.8983935304601711,-38.79861341732149,-0.8362736910777864,-6.445691128288214,-24.766877677892023,5.320288290703207,-19.788906563041827,-4.967743628449742,-9.145677081694348,-14.094571081624181,-6.96824568772089,-13.436552793684077,-8.946400615566482,1
678.9235601235755,540.5303109831573,1368.65234375,0.130767822265625,-243.19611756488854,176.3412559980448,-63.409499175249564,44.11773091564426,-22.470980850060556,-77.05120659561408,-20.24918170622915,-4.09226984313136,-32.61637226163553,-5.227510665917248,-6.60723699120271,-29.173177231117858,-0.6327202556185645,-10.42614262025576,-22.601749297344895,2.172110937711201,-15.354865879090294,-18.448359504602884,11.029988863590592,-16.68875040610012,1
760.2195645038743,555.2465640842663,1439.208984375,0.111297607421875,-168.50061279258102,182.4236741416961,-76.76822546332457,15.61409084868625,-23.48158962796542,-34.01071465184674,-43.406495336977656,18.750478239844483,-35.79059365939173,-19.433888476134427,2.5913375075513203,-26.25277751646486,1.6102006111675582,-20.64583711425879,-3.8809954264013298,-8.80044901162723,-9.472325022189054,-8.177689140245944,-9.857339139547813,-3.700492924208076,1
752.1677373002228,486.96328112872266,1398.681640625,0.130584716796875,-211.5330235395511,218.7146181516294,-100.88600317765125,6.969306759397443,17.296147588633232,-66.84442331690227,-23.17860322606804,12.64595670602615,-20.219455879970475,-8.155287611135526,4.987221723188218,-11.400101224639442,-10.035115986326764,-6.819411529202703,-11.672830699596725,-7.971778232934044,-0.02968881350403829,-8.461546394045069,-5.665192579791867,1.623135922964558,1
816.0087125890709,486.4815222887346,1309.814453125,0.1923828125,-260.4107220817019,160.63854211393564,-67.83071235141813,7.596596695473384,-17.553550183730707,-17.868800983782837,-8.388023543424708,-7.295956682248838,-29.014434064690725,-4.7656750122033396,-12.727848868569898,-23.10390578447673,2.1210976529805476,-20.997348919720345,-14.096748518314527,-3.1632721712466285,0.01862729926553275,-3.9187065236241674,-4.9537260946380135,-4.750488868423098,1
718.3240085669579,536.3630825920429,1383.7890625,0.11114501953125,-206.22819742986275,186.9854632221547,-64.80980269337186,18.594800778134665,-34.419511269545055,-37.05315053261971,-22.39194992806662,5.164494668868251,-30.47793286201383,-15.215632810552453,5.435076361109784,-29.895768925369463,0.39955493190444136,-11.009067899083906,-6.459508524041161,-4.326911760599563,-9.386977741405524,-0.35217209533757887,-9.952742329575415,-3.8264951154915554,1
777.241420800437,486.0125205752676,1330.810546875,0.16632080078125,-264.1453374331362,167.30553264689212,-80.9779648957374,1.7142438233717936,-8.304161469399803,-51.200007983912684,-22.700687841504397,4.607577034773915,-27.098323824752026,-17.47129279537851,-2.94420100439876,-28.484383692111972,-13.98033263450628,-7.562733175467445,-12.05045045659039,-7.088519867225759,-6.9610008322432995,-9.4294974888386,-5.8774882132616835,-2.572018484944761,1
642.1772960361359,521.8745845752778,1292.48046875,0.147705078125,-251.34884350212832,181.60539899963283,-45.32310170531822,28.775917374594012,-22.676716406225516,-42.73550713003566,-38.801207114911406,-9.240343464282192,-20.474662136630197,-11.05002566609887,-6.703497520416582,-13.281296719224432,2.0784513352331597,-16.32989288288025,-7.287257646958652,-5.308311455975181,-9.069815432031723,-9.985350488803425,-5.061136158939676,-4.383976758304592,1
789.7042087360994,662.9429001291402,1451.171875,0.14105224609375,-395.22985206827354,115.82565253772307,-8.553705348545568,28.96035445672499,-20.35139400478196,-27.240129376236087,-15.737015755081451,-8.775692822537135,-18.065981207308216,-12.983589730205521,5.559998039062376,-16.33900742315368,-8.559349160037165,-3.648541235116288,-10.440569553993988,-0.8262916041037353,-13.253034437492822,-11.764645398014522,-4.306160274143088,-5.015360548555248,1
778.5691434072426,597.2727779075562,1555.17578125,0.125885009765625,-174.22009970747155,168.87501473563302,-72.06126049281231,61.67079920215852,-59.18493779733052,-41.914252033177505,-12.794228634607158,-15.127810549326473,-8.200571997684198,-35.88578781770658,-2.511420700939162,-14.367549079298268,-13.873628880396788,-1.156303124846802,-16.275973487614973,-6.411400388302921,-6.165424500784608,-8.45697461838331,-7.280775982508425,-6.7501040812708375,2
743.6912417443483,511.5364013222859,1286.865234375,0.128692626953125,-199.80146280569585,187.47480153425954,-94.68518574961928,22.48799405243973,-20.062865189321837,-54.63746081837465,-35.51729679140476,0.9503383280065067,-31.036012669705066,-15.961017470689836,2.9595909805869285,-29.822455229896978,-0.9000832233997871,-14.226825707654129,-17.807729100766487,-5.127314481949847,-19.620358019346064,-9.86441214590882,-10.97376166699455,-15.671434273399313,1
671.646194826042,527.6047092269655,1084.47265625,0.1240234375,-348.37423736628926,142.69241257038033,-15.353800166631917,8.72489039759434,-38.31193558283957,-47.81390340663077,-12.46143762841032,-12.016086119709414,-25.738346792001,-11.649099942750592,-17.61208646743775,-13.707785160347342,-6.632722777325759,-14.72188204697127,-9.631444463241909,-5.652723092552193,1.173048120771511,-5.187184319854546,4.020663710911753,-3.4133927780060116,1
1241.6009814414879,772.4252600334069,2061.767578125,0.27154541015625,-243.72472809064357,89.66013606520666,-67.4707771024329,69.90706299900714,-74.44313656389406,-23.820765638646577,-16.777340824791008,-18.585946191626178,-8.375691784904726,-14.671285324468283,-2.9476882015943433,-18.31933210139316,-7.490384547349144,-12.099575087639153,-14.13839476388252,-4.14684493489626,-7.8410870632791205,-15.517971778930272,-0.18618294187069728,-8.131230186610873,0
611.271202826301,343.8733303965675,873.779296875,0.118255615234375,-266.1230037560008,75.44345470273392,2.5929910965090244,11.196554530798856,-37.462421679456824,-39.35172051707684,-34.53439188087166,-10.737276283232164,-2.2190913859029746,3.2877625881675874,24.613462308444944,14.346668906122442,10.303832271180365,3.041189823414469,-6.419866062495194,-10.57027142010407,-17.470224747045954,-12.982312004918196,-6.011348512024492,-0.8732718229314613,1
784.0453155543076,517.3656706608621,1199.951171875,0.1480712890625,-164.52422156939468,106.84482404284252,-27.93320528566229,8.340735668257626,-45.68327570372229,-53.726954077665354,-31.372893790956926,5.806082340444333,-0.22735423808703858,-10.587157552038546,18.06634386540358,0.2245253882573488,-2.835309416644493,-3.597211203142243,-13.114298303454184,2.3223211894657205,-14.823679009449508,-8.384816359936163,-5.030764918270981,-15.437569253757372,2
1011.0602571514596,819.023798398591,2032.2265625,0.1473388671875,-192.53003466208088,91.88547744479175,-19.101039386759567,76.93401511625147,-110.05305125868261,-11.261306087466807,-25.39668209821479,-18.032067773371015,-32.302680109293206,-11.367793511149998,10.635075110897336,-39.33821347344125,-0.5457676335744512,-16.84992035555385,-18.512341887265706,-14.164124642869776,-5.6710165743977,-3.309675197049705,-6.587918883012024,8.504051615332289,0
1056.7008328856748,762.1348686950737,1970.703125,0.200164794921875,-160.38915432567188,97.38206524413539,-34.28522679115937,79.76410106838598,-92.69010124331137,-37.647373083462504,-30.622679747400234,-14.099362632802377,-24.819988048527257,-6.0713738326908535,13.44342530387803,-37.2073478261783,-12.337104012421673,-1.3238125584148352,1.4776456886415925,-14.773263956611967,-13.614122583193584,-4.001012958341532,-5.0169434154380665,-10.254423808076968,0
839.8736076381971,551.1263088227697,1475.5859375,0.157562255859375,-219.83977195342706,159.74797098047964,-80.5937074642127,13.925831559121606,-30.7917712949774,-59.02739499609919,-37.916641924190046,15.509510391560152,-26.69636967080468,-19.716856928845782,27.55969797911188,-29.11004049408718,-11.291499893848771,-6.681339404860988,-16.66360478917862,-4.221291389623591,-13.765853711462565,0.93789957704695,-0.16338076736039564,-5.618872225987583,2
929.7462662376169,606.4075681470067,1559.5703125,0.18798828125,-197.05616034347372,96.88734225995223,-8.164611454327243,50.40583283623409,-63.373898426362075,-35.72894017788387,-26.049934018825912,-22.895964416047054,-8.300872617244567,-8.498606578483475,9.946150401904195,-7.030659160927917,-5.532541906121111,-2.0936758702101432,-8.282180964310914,-7.902073023916941,-13.495735557682249,-14.134168597016734,-4.13571067524186,-7.281868858664261,0
1168.9929402044972,854.0524857786792,1957.03125,0.18707275390625,-350.7667730734206,42.267014394964235,2.79769585999017,-9.10766861204959,-12.184830463344989,-15.610054141687062,-12.308445334950784,-6.7233309015543625,-1.076358521202069,2.9276599138887325,6.734995732407503,6.929063502284027,3.5265754840452015,2.3121527628076484,-1.979019710229295,-4.335919704886635,-5.338411149986321,-4.044571685662497,-2.1305641360581196,-0.1613265307754596,0
806.7688413415511,588.1612537944208,1468.505859375,0.134735107421875,-279.1509073170235,153.41228076337205,-66.34154572426365,24.386688746524573,-42.34907957707438,-39.38025587819149,5.207936519044035,-25.319639386345457,-22.42329093396394,3.1342091150099223,-19.5915493092239,-17.675808481056173,7.627401409868754,-16.80835063014267,-11.960807678530156,-7.5763383311595565,-18.983179319510306,-3.2612734640654715,-7.7360460131589015,-6.899085114481826,1
676.584047434399,473.09560827532874,1230.46875,0.110137939453125,-316.8652746921505,170.2790282620548,-38.47237065561977,-21.52009698972138,-21.69907759672564,-32.17138205224104,-24.359875641438673,-17.00551361297611,-22.181432120042217,-12.961009467461135,-0.01815393957141176,-6.372303719584273,-9.340110887279796,-11.744593353818708,-7.864385748420907,-8.713491139784372,-11.35638613044329,-9.370203504548464,-11.813748187220622,-7.523664339158607,1
1363.5118053126657,822.7533451053172,2218.017578125,0.246307373046875,-568.2356263599959,21.761040329388297,-26.95649172638684,11.334217538951131,-2.0791306505354727,0.6207615423034545,-8.454485131467559,-0.5978920712385896,-4.331360809845181,-2.9322643268329367,1.0514835219670866,-5.586037735865101,0.34450378319108044,-6.024914757888211,-2.463731835676055,-0.4866590049491816,0.042452203826515156,0.9083577966672435,-0.204762225671832,-0.4563542947775374,0
704.8460149350293,574.2644964292492,1183.59375,0.110992431640625,-377.46630636050133,135.28316841634626,-16.911128113542397,-2.161763317355469,-4.056860520698471,-17.08866737197571,-40.21453015829445,5.6514733138794835,-20.97471787605692,-21.7271233840574,-4.395810917057506,-35.4558660652152,-4.610163679076229,-12.684174846133754,-9.778050608444783,5.124128864789091,-11.885287453379032,-1.7291930164099707,-0.6825687037432078,-5.016081389641347,1
698.9052082816075,479.7698235645776,1297.607421875,0.108123779296875,-188.7567080699746,195.10854538801442,-103.63739464614048,22.982409753812895,-24.487900512053674,-59.855910472634726,-21.83860144189556,0.592066780271026,-17.63919613801287,-20.63113712532236,-5.742117361231738,-28.10897312894227,-1.5736907014986978,-12.153418596012255,-14.712467492675705,1.9638648209253453,-25.24247453607731,-2.9499782229962053,-10.539553783233284,-12.543939795856799,1
573.6276217591932,497.54163530008225,1029.78515625,0.082763671875,-298.2014055888421,165.50305945545986,-35.25792829066175,30.859504774897186,-40.17902099538703,-22.834557438539328,-21.526536214520338,-22.324246030434974,-15.372864969277634,-18.410001792595565,-4.673683093729213,-22.236008741141823,-17.141848951294914,-13.28235865971788,-15.41898935594033,-7.680396620905588,-1.9816230976276246,-1.0188424536131109,0.5992904195118687,-0.48417107028624673,1
821.8539024743825,631.3889398354437,1440.673828125,0.12945556640625,-338.0954346840525,142.2633036059898,-31.79193240502826,-6.657128911627149,-12.836431514515446,-8.965684591104033,-47.888724988482664,-2.7369200041052437,-15.748693196778934,-11.090988235500689,-1.6924551152873528,-9.499405133294891,-3.3732808288899667,-15.906065023710891,-1.6141660683534966,-15.920817931281011,-1.8162305174259878,-10.360924346987485,-14.790300446437154,-1.910575926602043,1
693.6564347254165,568.5430536551698,1483.3984375,0.118194580078125,-223.01915493813806,181.7868976705336,-60.3407094492396,50.6486445598309,-49.2262685295751,-57.25377276270516,2.0795240314599424,-19.71681806395767,-22.823497123554695,-5.6992296774939,-13.768058452342887,-14.897569964026854,7.240179987104448,-16.987660206687693,-21.143928842514526,-1.3723151156167182,-11.31466254257648,-8.816623396113094,-6.71332409159546,-12.68767771555773,1
640.6018807411881,482.01331873442086,1121.337890625,0.149322509765625,-254.6521475517552,185.2367454697714,-47.46924185394672,-11.490909540357793,-38.974206943268584,-27.386481667359327,-45.05646123799292,-11.453654581049193,-15.252020375217503,-18.05908066650878,-3.241593099473162,-27.193199871889597,-7.090663613345337,-9.285860299758212,-15.450663703048562,-7.719333538319673,-17.46194648960032,-15.841157090999616,-5.194215452505491,-12.340094476725934,1
926.8030663172069,603.4970056701061,1636.962890625,0.194976806640625,-361.5793235120805,119.49093488954468,-36.81991591325291,14.105272876589321,-31.371746276040508,-23.856057615796097,-23.09489822258709,-1.766586215412652,-5.149194569880891,-8.95720624291239,-4.689682842237593,-3.6094805943295336,-2.853583866873974,-9.37344971050536,3.963100197006421,-10.814174055867014,-5.252199072029102,-1.3614444220746162,-6.511643924221751,-0.5504771771595207,0
821.0886022820557,615.6463675715959,1548.095703125,0.14459228515625,-115.18757963666586,152.89265301578655,-67.99158063536534,37.185598620638885,-47.02302259232253,-40.518921502494,-24.21545677611715,5.361511759228548,-28.799802285546306,-5.651074440300531,5.008993587907344,-21.794300205815247,-4.499197847050023,-18.91915011427064,-5.621602972177609,-6.909723842735277,-11.019772544875776,-9.668442835234515,0.3557384878030505,-11.768216512008845,1
1086.890641552562,720.183604894007,1848.388671875,0.244964599609375,-210.01505006859742,91.618131360583,-56.13620942376186,59.39393973768485,-62.30727788186637,-33.036900957964434,-28.27666333507344,-8.310431394674712,-23.240987381966505,-10.456017590849688,13.349609764961679,-29.371454480764555,-4.224467165472607,-6.673376329508429,-11.00737895590968,-7.467820468153919,-11.768312304945958,-7.7178364127693655,-5.200484757346201,-5.631493344335055,0
917.2697164680436,687.2621819611113,1765.625,0.170318603515625,-211.52971641637347,126.91024277083346,-34.32756788813605,59.396021164119574,-67.547677721182,-49.13587916667724,-24.03090628879003,-4.909629436207467,-31.491305899789456,-7.691832579399694,16.69076837202882,-27.54992139583505,2.3895692397459403,-9.014815452426681,-20.204502420957517,-7.97108402029991,-15.093074803314643,3.1258088378672264,0.1948044974702262,-14.53679663310736,2
881.8362460436941,597.157131184624,1607.91015625,0.15887451171875,-220.27255011956788,146.56174300317153,-86.80949768643231,27.320801370641455,-52.988648162325006,-56.303642294632496,-30.2594387235879,14.54381328811072,-24.959661316775524,-23.54382465221005,25.25270156603137,-33.47894187752958,-11.83247465635695,-8.463540408788608,-24.790882664617335,-1.6259299126885043,-12.621544023825306,0.7573275141273781,-6.247160338171708,-17.95878380359537,2
925.7938645828389,772.238481149107,1820.80078125,0.152496337890625,-227.81785189754888,107.75505205591998,-5.518683047708128,76.61744125139495,-106.53595750472023,-17.028155535761677,-43.89703704746417,-18.32562552018159,-26.462807430661087,-13.038202841326017,1.6476147858010801,-34.64232347340715,3.94636291879249,-18.318715733679923,-7.5889200462384245,-12.071669147990484,-9.659936620283926,-8.518641843794681,-17.589465098401035,-15.42559695007922,0
901.7333269859853,551.6257140713077,1449.70703125,0.167083740234375,-173.25242998192098,149.56445064865574,-110.91596886792831,22.987301931129902,-44.662449476952794,-43.89898257369413,-29.091995517748842,-2.8607947643075535,-16.8157224703713,-15.607985767629053,-4.293862873366102,-23.05267009136424,-15.950318428611556,-15.663952109953216,-9.870916400099453,-6.248848986418002,-9.040935260520683,-12.131469033004045,-2.242566267663075,-16.93113550976804,1
957.682882578766,664.9502137535328,1751.46484375,0.1817626953125,-167.17607655555594,135.5849507439553,-87.00631244885825,43.68147111759146,-64.0123925405045,-27.144189467910945,-36.781645812858315,0.8366137575358126,-18.801979970872992,-16.412284304731642,-2.0551554407492256,-28.438125453956907,2.001915165124098,-18.479927743012468,-4.28745461404216,-10.608568260586939,-5.387526760808093,-9.37745257811539,-11.24092611199342,0.6210848067347765,0
1067.6911718807146,662.9007578437154,1780.029296875,0.196990966796875,-248.0461823902198,116.7940462109784,-76.93848989509793,25.87702526462547,-57.551676806334996,-27.833197967340077,-8.028711043237452,3.2444255033720193,-17.740268910474622,-2.2607077009920418,-4.784558407382441,-30.356730106885323,-8.96244891964867,-18.01209689130703,-12.292010374567175,-9.955996747658654,-11.674913083745484,-10.719599840537455,1.5758354481477581,-14.083077973800796,0
1099.4118133974923,700.5211170934942,1830.810546875,0.2010498046875,-130.9758837222891,108.29885558577696,-76.22959353778015,74.38534342424498,-78.5080328542247,-20.004350718825137,-37.44813626563401,-2.0210095915693516,-19.40870020646363,-11.837183076381674,7.77500565632633,-27.12591505543357,-2.2338881476123245,-15.652773797098998,-6.318163947556851,-12.118097614432287,-9.113355811897677,-13.142175326358869,-6.831998894201281,-7.758066587597494,0
1072.576064733046,679.6486318956202,1830.810546875,0.226593017578125,-272.65951273566503,79.85568808563804,-38.336824533421144,35.032068184230326,-53.611549344146326,-30.333692000740136,-22.10395419026494,6.179967542995909,-20.184965669263093,-2.8612773493807877,3.902524311667532,-22.74636309676335,-4.383169987768293,-11.852983815867407,-5.0244259800494495,-16.221165851343972,-6.082820065373644,-4.455271335302738,-7.385613724890865,-0.7678052299431812,0
992.8323511767784,571.4627336767148,1601.5625,0.192901611328125,-143.0952492151549,130.7205740335625,-110.12438568013187,40.37699555421669,-42.214327488957125,-35.63427207613182,-14.955708755450969,-9.313605616988099,-5.705437281556236,-22.03282261240623,2.019780495090645,-19.962745854290667,-5.385989765731278,-1.6668273102075133,-17.986389347566313,1.9171208611330783,-9.979733768750053,-8.423309636953647,-0.6234465446769599,-10.762600702060084,2
1085.9600624606855,529.2995461230926,1507.080078125,0.209503173828125,-369.7999883618843,105.47895699425628,-76.794981850734,-2.2426153281233185,-6.432210785132559,-39.72250342530656,-12.308462872068258,24.858437939439625,-27.063072259529903,-12.099702215071554,-6.8543399361148785,-16.329106786026017,-1.4885336833510157,-21.81150088820714,5.012274068816207,1.0038863897024959,-15.248335320390156,-2.853855742976963,2.722057087910337,1.4268525803123966,1
814.8365724534383,591.2206221940888,1587.158203125,0.1290283203125,-154.5543032931676,175.75118329011656,-92.60783233688035,52.78732336704634,-58.35026388557271,-50.30275892216563,-17.404387220572993,-5.336577948750736,-19.06046944040999,-26.302564888404653,7.4617592227680385,-30.23135709001086,1.046433183735918,-6.734802578030862,-27.32908456691102,4.244675698968495,-20.229818616159214,-7.592019792336654,-0.5492277567250481,-12.754192551800369,2
756.5054211342554,662.3684805374462,1702.392578125,0.105987548828125,-206.898548992857,160.7238556377702,-42.13762316293304,62.61933527127417,-80.07491352188116,-25.85513295435043,-8.448772085050274,-17.781250443567878,-18.65782824106465,-24.611480151944754,16.014572898000946,-25.154960993791086,-8.99943362190737,-14.28675118186947,-20.716385700251386,5.942910453782256,-21.36355637782878,-1.9660597928920895,7.8390371434284525,5.586494551130022,2
647.879217372981,623.9273983515529,1297.119140625,0.114959716796875,-258.862522956744,138.2779581166812,-28.107109134639828,24.219735962873596,-37.17881577698415,-10.022161119509423,-54.40674157324403,0.30166790153060496,-29.493463018189246,-21.388260746745956,8.613396445741806,-34.769908140161256,-1.2341117754718796,-14.96708630965589,-14.418789867901538,-6.821909004519079,-9.895845275121545,-8.304723512855947,-2.481532208805293,-3.8204823741104583,1
986.9382688549637,546.7030532553504,1640.380859375,0.195068359375,-292.61782161371275,138.05007601366796,-61.190554367428206,8.607045726782424,-50.48932382825814,-39.437144759188165,-9.308466762972408,6.981756933875055,-46.07799777722134,-1.1315562219979571,7.240612676411028,-21.490867617589622,-5.047816772436449,-26.62117476814974,-13.331958579847385,-6.302896356810683,-4.6985113153908395,-17.339846401766142,-0.18062844751266383,2.603012370922479,1
766.073528926537,424.42679710907066,1193.84765625,0.165771484375,-201.54150888867778,211.92548506974384,-109.74915575971073,-39.65431382695927,2.8574736950703183,-29.682121998939955,-44.94427882634151,14.29504078162002,-12.826173052343265,-29.045671921779558,-17.26078610389908,-17.976710180891757,-15.10157116248027,-12.209352196709965,-10.063321356401651,-18.340789151115473,-10.556674981344209,-16.76202554282628,-1.5292193777285568,-15.721129036162619,1
1121.7627380166427,620.2641087436813,1880.615234375,0.211273193359375,-234.52198636594017,99.50607364090772,-72.12975953643003,46.768223154779655,-60.24679519978347,-19.210084493731337,-15.160521604841856,7.5942007842322194,-33.472875689327495,-3.6037182148412894,-9.056618602961661,-18.725030675660406,0.10641939162016811,-23.445926429877264,8.674997171151702,-21.76694168876333,-3.9692392306682764,-12.963649364201308,-10.026638365467017,1.5397358775985879,0
791.839486254817,563.110826097729,1453.61328125,0.155059814453125,-162.2787775029327,170.84359561563804,-91.75087333942001,35.46913807959032,-37.56230448511597,-36.7349395004157,-36.449222108683024,15.124246392594042,-15.088718024301121,-28.69815805252945,18.477937531265024,-33.55791011262563,0.6058628800235417,-5.495721265024733,-28.300448288392353,5.017390659815808,-12.899232014261251,-8.710315200283071,-5.605968851364077,-15.670857260815502,2
824.8721007731824,574.9631923785298,1549.560546875,0.132659912109375,-180.56148310127924,151.7437261383322,-82.02751977429521,25.11076758447993,-48.621239203317586,-42.557212419304086,-31.631598059637902,-7.413996742809715,-12.253405400725125,-19.467031951242348,3.15756510175025,-17.15476176814674,-18.79106222219364,-5.648136196971744,-12.620325997368859,-13.39134833583394,3.1786157000335593,-12.652334475203599,-8.585655537112393,-10.724180846824574,1
832.9215324341767,590.8021759623705,1609.86328125,0.188812255859375,-245.5784035320554,150.85475507000245,-55.37773623965423,27.056912019763757,-52.6283374977251,-43.146458788421086,-12.169677385787525,-5.036785865471818,-6.010356332132339,-13.429222605544144,-9.076320595123628,-16.266146847642034,-7.140783558553796,-11.523429241627447,-6.284555262685609,2.936614576513464,-11.073219144467288,-11.588509989426429,-5.016818834952859,-8.678596439217563,1
783.1125957401084,593.7127735472748,1407.71484375,0.149810791015625,-202.360153808931,158.49791786603504,-55.65792282294769,31.00181951469366,-22.028210070789694,-25.46557546705955,-32.025119049723266,3.980657420932517,-23.769832843819444,-21.11991328118712,7.880345675315191,-18.321946400980416,-11.132337650123173,-13.327187070915654,-8.735205862030066,-7.509259819966477,-11.473049595377585,-10.417324250491593,1.0753705742757962,2.1062824828217988,1
736.6059321036391,552.2209300573992,1371.337890625,0.12701416015625,-247.96391246389626,162.16598052026578,-81.42197363806275,21.264216336203834,-13.605658224599164,-42.72968092087942,-28.48113470828647,-0.9644118514931614,-27.803028674010672,-4.321578800794124,-5.86577673327276,-23.718838804564353,-0.5173309756204114,-24.724483039427728,-11.952167956787568,-5.2581117980262375,-16.54598769937469,-5.26737902826681,-12.42091510412844,-21.00599349067544,1
1389.8764899626635,960.2256237057574,2510.0446428571427,0.24497767857142858,-723.2086872058387,31.838112933617545,-17.904087023102132,10.097888843147771,-20.894062506727472,-8.396794448651345,-22.689200508521335,2.525621594253935,11.26482587226397,5.544965974810215,10.7736360792529,-3.700314756697124,-0.18885615400743205,-3.508838621179126,2.0749156392754218,-6.193841242437054,2.6490419517239725,2.4128613313757286,0.17416715909916286,2.9935569245109614,0
